RoleId|NodeUniqueName|CanView|CanActivate|Deleted|ActionUserId|ActionRoleId|Timestamp
{1dda396f-3fba-4a9a-868e-a459e44d499e}|UlyssesProvidedOverlayAuthoringTool|1|1|0|{6d84625d-7b84-45d1-98d6-5d4739a94a35}|{1dda396f-3fba-4a9a-868e-a459e44d499e}|-8587017528485657483
{1dda396f-3fba-4a9a-868e-a459e44d499e}|UpdateModel|1|1|0|{6d84625d-7b84-45d1-98d6-5d4739a94a35}|{1dda396f-3fba-4a9a-868e-a459e44d499e}|-8587017528481307048
{1dda396f-3fba-4a9a-868e-a459e44d499e}|AddNode|1|1|0|{6d84625d-7b84-45d1-98d6-5d4739a94a35}|{1dda396f-3fba-4a9a-868e-a459e44d499e}|-8587017528478816799
{1dda396f-3fba-4a9a-868e-a459e44d499e}|DomainNode|1|1|0|{6d84625d-7b84-45d1-98d6-5d4739a94a35}|{1dda396f-3fba-4a9a-868e-a459e44d499e}|-8587017528476226540
{1dda396f-3fba-4a9a-868e-a459e44d499e}|EditNode|1|1|0|{6d84625d-7b84-45d1-98d6-5d4739a94a35}|{1dda396f-3fba-4a9a-868e-a459e44d499e}|-8587017528473926310
{1dda396f-3fba-4a9a-868e-a459e44d499e}|DeleteNode|1|1|0|{6d84625d-7b84-45d1-98d6-5d4739a94a35}|{1dda396f-3fba-4a9a-868e-a459e44d499e}|-8587017528471296047
{1dda396f-3fba-4a9a-868e-a459e44d499e}|AddRole|1|1|0|{6d84625d-7b84-45d1-98d6-5d4739a94a35}|{1dda396f-3fba-4a9a-868e-a459e44d499e}|-8587017528468925810
{1dda396f-3fba-4a9a-868e-a459e44d499e}|EditRole|1|1|0|{6d84625d-7b84-45d1-98d6-5d4739a94a35}|{1dda396f-3fba-4a9a-868e-a459e44d499e}|-8587017528465835501
{1dda396f-3fba-4a9a-868e-a459e44d499e}|DeleteRole|1|1|0|{6d84625d-7b84-45d1-98d6-5d4739a94a35}|{1dda396f-3fba-4a9a-868e-a459e44d499e}|-8587017528462985216
{1dda396f-3fba-4a9a-868e-a459e44d499e}|AddReference|1|1|0|{6d84625d-7b84-45d1-98d6-5d4739a94a35}|{1dda396f-3fba-4a9a-868e-a459e44d499e}|-8587017528460254943
{1dda396f-3fba-4a9a-868e-a459e44d499e}|EditReference|1|1|0|{6d84625d-7b84-45d1-98d6-5d4739a94a35}|{1dda396f-3fba-4a9a-868e-a459e44d499e}|-8587017528457444662
{1dda396f-3fba-4a9a-868e-a459e44d499e}|DeleteReference|1|1|0|{6d84625d-7b84-45d1-98d6-5d4739a94a35}|{1dda396f-3fba-4a9a-868e-a459e44d499e}|-8587017528454594377
{1dda396f-3fba-4a9a-868e-a459e44d499e}|AddDiscussion|1|1|0|{6d84625d-7b84-45d1-98d6-5d4739a94a35}|{1dda396f-3fba-4a9a-868e-a459e44d499e}|-8587017528451914109
{1dda396f-3fba-4a9a-868e-a459e44d499e}|ReplyDiscussion|1|1|0|{6d84625d-7b84-45d1-98d6-5d4739a94a35}|{1dda396f-3fba-4a9a-868e-a459e44d499e}|-8587017528449263844
{1dda396f-3fba-4a9a-868e-a459e44d499e}|DeleteDiscussion|1|1|0|{6d84625d-7b84-45d1-98d6-5d4739a94a35}|{1dda396f-3fba-4a9a-868e-a459e44d499e}|-8587017528446443562
{1dda396f-3fba-4a9a-868e-a459e44d499e}|SelectComment|1|1|0|{6d84625d-7b84-45d1-98d6-5d4739a94a35}|{1dda396f-3fba-4a9a-868e-a459e44d499e}|-8587017528443793297
{1dda396f-3fba-4a9a-868e-a459e44d499e}|MoveNode|1|1|0|{6d84625d-7b84-45d1-98d6-5d4739a94a35}|{1dda396f-3fba-4a9a-868e-a459e44d499e}|-8587017528440983016
{1dda396f-3fba-4a9a-868e-a459e44d499e}|AddLink|1|1|0|{6d84625d-7b84-45d1-98d6-5d4739a94a35}|{1dda396f-3fba-4a9a-868e-a459e44d499e}|-8587017528438562774
{1dda396f-3fba-4a9a-868e-a459e44d499e}|SelectLink|1|1|0|{6d84625d-7b84-45d1-98d6-5d4739a94a35}|{1dda396f-3fba-4a9a-868e-a459e44d499e}|-8587017528435942512
{1dda396f-3fba-4a9a-868e-a459e44d499e}|EditLink|1|1|0|{6d84625d-7b84-45d1-98d6-5d4739a94a35}|{1dda396f-3fba-4a9a-868e-a459e44d499e}|-8587017528433482266
{1dda396f-3fba-4a9a-868e-a459e44d499e}|DeleteLink|1|1|0|{6d84625d-7b84-45d1-98d6-5d4739a94a35}|{1dda396f-3fba-4a9a-868e-a459e44d499e}|-8587017528430751993
{1dda396f-3fba-4a9a-868e-a459e44d499e}|LinkNodeToRole|1|1|0|{6d84625d-7b84-45d1-98d6-5d4739a94a35}|{1dda396f-3fba-4a9a-868e-a459e44d499e}|-8587017528428031721
{1dda396f-3fba-4a9a-868e-a459e44d499e}|RemoveRoleLinkFromNode|1|1|0|{6d84625d-7b84-45d1-98d6-5d4739a94a35}|{1dda396f-3fba-4a9a-868e-a459e44d499e}|-8587017528425371455
{1dda396f-3fba-4a9a-868e-a459e44d499e}|DisplayName|1|1|0|{6d84625d-7b84-45d1-98d6-5d4739a94a35}|{1dda396f-3fba-4a9a-868e-a459e44d499e}|-8587017528425371455
{1dda396f-3fba-4a9a-868e-a459e44d499e}|UniqueName|1|1|0|{6d84625d-7b84-45d1-98d6-5d4739a94a35}|{1dda396f-3fba-4a9a-868e-a459e44d499e}|-8587017528425361454
{1dda396f-3fba-4a9a-868e-a459e44d499e}|Goal|1|1|0|{6d84625d-7b84-45d1-98d6-5d4739a94a35}|{1dda396f-3fba-4a9a-868e-a459e44d499e}|-8587017528425361454
{1dda396f-3fba-4a9a-868e-a459e44d499e}|AlertLevelChanges|1|1|0|{6d84625d-7b84-45d1-98d6-5d4739a94a35}|{1dda396f-3fba-4a9a-868e-a459e44d499e}|-8587017528425361454
{1dda396f-3fba-4a9a-868e-a459e44d499e}|ContextGuidelines|1|1|0|{6d84625d-7b84-45d1-98d6-5d4739a94a35}|{1dda396f-3fba-4a9a-868e-a459e44d499e}|-8587017528425361454
{1dda396f-3fba-4a9a-868e-a459e44d499e}|NotesForEndUser|1|1|0|{6d84625d-7b84-45d1-98d6-5d4739a94a35}|{1dda396f-3fba-4a9a-868e-a459e44d499e}|-8587017528425361454
{1dda396f-3fba-4a9a-868e-a459e44d499e}|NodeDetailsByDomainExpert|1|1|0|{6d84625d-7b84-45d1-98d6-5d4739a94a35}|{1dda396f-3fba-4a9a-868e-a459e44d499e}|-8587017528425361454
{1dda396f-3fba-4a9a-868e-a459e44d499e}|NodeDetailsByModelIntegrator|1|1|0|{6d84625d-7b84-45d1-98d6-5d4739a94a35}|{1dda396f-3fba-4a9a-868e-a459e44d499e}|-8587017528425361454
{1dda396f-3fba-4a9a-868e-a459e44d499e}|SelectNode|1|1|0|{6d84625d-7b84-45d1-98d6-5d4739a94a35}|{1dda396f-3fba-4a9a-868e-a459e44d499e}|-8587017528422611179
{1dda396f-3fba-4a9a-868e-a459e44d499e}|DisplayName1|1|1|0|{6d84625d-7b84-45d1-98d6-5d4739a94a35}|{1dda396f-3fba-4a9a-868e-a459e44d499e}|-8587017528422611179
{1dda396f-3fba-4a9a-868e-a459e44d499e}|EditOverlayRole|1|1|0|{6d84625d-7b84-45d1-98d6-5d4739a94a35}|{1dda396f-3fba-4a9a-868e-a459e44d499e}|-8587017528420120930
{1dda396f-3fba-4a9a-868e-a459e44d499e}|RoleName1|1|1|0|{6d84625d-7b84-45d1-98d6-5d4739a94a35}|{1dda396f-3fba-4a9a-868e-a459e44d499e}|-8587017528420120930
{1dda396f-3fba-4a9a-868e-a459e44d499e}|SelectOverlayRole|1|1|0|{6d84625d-7b84-45d1-98d6-5d4739a94a35}|{1dda396f-3fba-4a9a-868e-a459e44d499e}|-8587017528417550673
{1dda396f-3fba-4a9a-868e-a459e44d499e}|RoleName2|1|1|0|{6d84625d-7b84-45d1-98d6-5d4739a94a35}|{1dda396f-3fba-4a9a-868e-a459e44d499e}|-8587017528417540672
{1dda396f-3fba-4a9a-868e-a459e44d499e}|EditOverlayReference|1|1|0|{6d84625d-7b84-45d1-98d6-5d4739a94a35}|{1dda396f-3fba-4a9a-868e-a459e44d499e}|-8587017528414730391
{1dda396f-3fba-4a9a-868e-a459e44d499e}|FileName1|1|1|0|{6d84625d-7b84-45d1-98d6-5d4739a94a35}|{1dda396f-3fba-4a9a-868e-a459e44d499e}|-8587017528414730391
{1dda396f-3fba-4a9a-868e-a459e44d499e}|IsGAC1|1|1|0|{6d84625d-7b84-45d1-98d6-5d4739a94a35}|{1dda396f-3fba-4a9a-868e-a459e44d499e}|-8587017528414720390
{1dda396f-3fba-4a9a-868e-a459e44d499e}|SelectOverlayReference|1|1|0|{6d84625d-7b84-45d1-98d6-5d4739a94a35}|{1dda396f-3fba-4a9a-868e-a459e44d499e}|-8587017528412040122
{1dda396f-3fba-4a9a-868e-a459e44d499e}|FileName2|1|1|0|{6d84625d-7b84-45d1-98d6-5d4739a94a35}|{1dda396f-3fba-4a9a-868e-a459e44d499e}|-8587017528412040122
{1dda396f-3fba-4a9a-868e-a459e44d499e}|Comment|1|1|0|{6d84625d-7b84-45d1-98d6-5d4739a94a35}|{1dda396f-3fba-4a9a-868e-a459e44d499e}|-8587017528409389857
{1dda396f-3fba-4a9a-868e-a459e44d499e}|Title|1|1|0|{6d84625d-7b84-45d1-98d6-5d4739a94a35}|{1dda396f-3fba-4a9a-868e-a459e44d499e}|-8587017528409389857
{1dda396f-3fba-4a9a-868e-a459e44d499e}|Author|1|1|0|{6d84625d-7b84-45d1-98d6-5d4739a94a35}|{1dda396f-3fba-4a9a-868e-a459e44d499e}|-8587017528409389857
{1dda396f-3fba-4a9a-868e-a459e44d499e}|Role|1|1|0|{6d84625d-7b84-45d1-98d6-5d4739a94a35}|{1dda396f-3fba-4a9a-868e-a459e44d499e}|-8587017528409389857
{1dda396f-3fba-4a9a-868e-a459e44d499e}|Date|1|1|0|{6d84625d-7b84-45d1-98d6-5d4739a94a35}|{1dda396f-3fba-4a9a-868e-a459e44d499e}|-8587017528409389857
{1dda396f-3fba-4a9a-868e-a459e44d499e}|CommentDetails|1|1|0|{6d84625d-7b84-45d1-98d6-5d4739a94a35}|{1dda396f-3fba-4a9a-868e-a459e44d499e}|-8587017528409389857
{1dda396f-3fba-4a9a-868e-a459e44d499e}|CommentTitle|1|1|0|{6d84625d-7b84-45d1-98d6-5d4739a94a35}|{1dda396f-3fba-4a9a-868e-a459e44d499e}|-8587017528409389857
{1dda396f-3fba-4a9a-868e-a459e44d499e}|SelectSourceNode|1|1|0|{6d84625d-7b84-45d1-98d6-5d4739a94a35}|{1dda396f-3fba-4a9a-868e-a459e44d499e}|-8587017528406739592
{1dda396f-3fba-4a9a-868e-a459e44d499e}|SelectTargetNode|1|1|0|{6d84625d-7b84-45d1-98d6-5d4739a94a35}|{1dda396f-3fba-4a9a-868e-a459e44d499e}|-8587017528403979316
{1dda396f-3fba-4a9a-868e-a459e44d499e}|SourceNodeDisplayName|1|1|0|{6d84625d-7b84-45d1-98d6-5d4739a94a35}|{1dda396f-3fba-4a9a-868e-a459e44d499e}|-8587017528403969315
{1dda396f-3fba-4a9a-868e-a459e44d499e}|TargetNodeDisplayName|1|1|0|{6d84625d-7b84-45d1-98d6-5d4739a94a35}|{1dda396f-3fba-4a9a-868e-a459e44d499e}|-8587017528403969315
{1dda396f-3fba-4a9a-868e-a459e44d499e}|DisplayName5|1|1|0|{6d84625d-7b84-45d1-98d6-5d4739a94a35}|{1dda396f-3fba-4a9a-868e-a459e44d499e}|-8587017528403969315
{1dda396f-3fba-4a9a-868e-a459e44d499e}|SelectParentNode|1|1|0|{6d84625d-7b84-45d1-98d6-5d4739a94a35}|{1dda396f-3fba-4a9a-868e-a459e44d499e}|-8587017528401219040
{1dda396f-3fba-4a9a-868e-a459e44d499e}|DisplayName3|1|1|0|{6d84625d-7b84-45d1-98d6-5d4739a94a35}|{1dda396f-3fba-4a9a-868e-a459e44d499e}|-8587017528401209039
{1dda396f-3fba-4a9a-868e-a459e44d499e}|SelectNodeForEdit|1|1|0|{6d84625d-7b84-45d1-98d6-5d4739a94a35}|{1dda396f-3fba-4a9a-868e-a459e44d499e}|-8587017528398618780
{1dda396f-3fba-4a9a-868e-a459e44d499e}|DisplayName2|1|1|0|{6d84625d-7b84-45d1-98d6-5d4739a94a35}|{1dda396f-3fba-4a9a-868e-a459e44d499e}|-8587017528398608779
{1dda396f-3fba-4a9a-868e-a459e44d499e}|UniqueName1|1|1|0|{6d84625d-7b84-45d1-98d6-5d4739a94a35}|{1dda396f-3fba-4a9a-868e-a459e44d499e}|-8587017528398608779
{1dda396f-3fba-4a9a-868e-a459e44d499e}|Goal1|1|1|0|{6d84625d-7b84-45d1-98d6-5d4739a94a35}|{1dda396f-3fba-4a9a-868e-a459e44d499e}|-8587017528398608779
{1dda396f-3fba-4a9a-868e-a459e44d499e}|AlertLevelChanges1|1|1|0|{6d84625d-7b84-45d1-98d6-5d4739a94a35}|{1dda396f-3fba-4a9a-868e-a459e44d499e}|-8587017528398608779
{1dda396f-3fba-4a9a-868e-a459e44d499e}|ContextGuidelines1|1|1|0|{6d84625d-7b84-45d1-98d6-5d4739a94a35}|{1dda396f-3fba-4a9a-868e-a459e44d499e}|-8587017528398608779
{1dda396f-3fba-4a9a-868e-a459e44d499e}|NotesForEndUser1|1|1|0|{6d84625d-7b84-45d1-98d6-5d4739a94a35}|{1dda396f-3fba-4a9a-868e-a459e44d499e}|-8587017528398608779
{1dda396f-3fba-4a9a-868e-a459e44d499e}|NodeDetailsByDomainExpert1|1|1|0|{6d84625d-7b84-45d1-98d6-5d4739a94a35}|{1dda396f-3fba-4a9a-868e-a459e44d499e}|-8587017528398608779
{1dda396f-3fba-4a9a-868e-a459e44d499e}|NodeDetailsByModelIntegrator1|1|1|0|{6d84625d-7b84-45d1-98d6-5d4739a94a35}|{1dda396f-3fba-4a9a-868e-a459e44d499e}|-8587017528398608779
{1dda396f-3fba-4a9a-868e-a459e44d499e}|AddOverlayRole|1|1|0|{6d84625d-7b84-45d1-98d6-5d4739a94a35}|{1dda396f-3fba-4a9a-868e-a459e44d499e}|-8587017528396178536
{1dda396f-3fba-4a9a-868e-a459e44d499e}|RoleName|1|1|0|{6d84625d-7b84-45d1-98d6-5d4739a94a35}|{1dda396f-3fba-4a9a-868e-a459e44d499e}|-8587017528396178536
{1dda396f-3fba-4a9a-868e-a459e44d499e}|RoleDescription|1|1|0|{6d84625d-7b84-45d1-98d6-5d4739a94a35}|{1dda396f-3fba-4a9a-868e-a459e44d499e}|-8587017528396178536
{1dda396f-3fba-4a9a-868e-a459e44d499e}|RoleDescription1|1|1|0|{6d84625d-7b84-45d1-98d6-5d4739a94a35}|{1dda396f-3fba-4a9a-868e-a459e44d499e}|-8587017528396178536
{1dda396f-3fba-4a9a-868e-a459e44d499e}|ReplyComment|1|1|0|{6d84625d-7b84-45d1-98d6-5d4739a94a35}|{1dda396f-3fba-4a9a-868e-a459e44d499e}|-8587017528393478266
{1dda396f-3fba-4a9a-868e-a459e44d499e}|ReplyTitle|1|1|0|{6d84625d-7b84-45d1-98d6-5d4739a94a35}|{1dda396f-3fba-4a9a-868e-a459e44d499e}|-8587017528393468265
{1dda396f-3fba-4a9a-868e-a459e44d499e}|ReplyAuthor|1|1|0|{6d84625d-7b84-45d1-98d6-5d4739a94a35}|{1dda396f-3fba-4a9a-868e-a459e44d499e}|-8587017528393468265
{1dda396f-3fba-4a9a-868e-a459e44d499e}|ReplyRole|1|1|0|{6d84625d-7b84-45d1-98d6-5d4739a94a35}|{1dda396f-3fba-4a9a-868e-a459e44d499e}|-8587017528393468265
{1dda396f-3fba-4a9a-868e-a459e44d499e}|ReplyDate|1|1|0|{6d84625d-7b84-45d1-98d6-5d4739a94a35}|{1dda396f-3fba-4a9a-868e-a459e44d499e}|-8587017528393468265
{1dda396f-3fba-4a9a-868e-a459e44d499e}|ReplyCommentDetails|1|1|0|{6d84625d-7b84-45d1-98d6-5d4739a94a35}|{1dda396f-3fba-4a9a-868e-a459e44d499e}|-8587017528393468265
{1dda396f-3fba-4a9a-868e-a459e44d499e}|ReplyParentCommentId|1|1|0|{6d84625d-7b84-45d1-98d6-5d4739a94a35}|{1dda396f-3fba-4a9a-868e-a459e44d499e}|-8587017528393468265
{1dda396f-3fba-4a9a-868e-a459e44d499e}|AddOverlayReference|1|1|0|{6d84625d-7b84-45d1-98d6-5d4739a94a35}|{1dda396f-3fba-4a9a-868e-a459e44d499e}|-8587017528390697988
{1dda396f-3fba-4a9a-868e-a459e44d499e}|FileName|1|1|0|{6d84625d-7b84-45d1-98d6-5d4739a94a35}|{1dda396f-3fba-4a9a-868e-a459e44d499e}|-8587017528390697988
{1dda396f-3fba-4a9a-868e-a459e44d499e}|IsGAC|1|1|0|{6d84625d-7b84-45d1-98d6-5d4739a94a35}|{1dda396f-3fba-4a9a-868e-a459e44d499e}|-8587017528390697988
{1dda396f-3fba-4a9a-868e-a459e44d499e}|IsGAC2|1|1|0|{6d84625d-7b84-45d1-98d6-5d4739a94a35}|{1dda396f-3fba-4a9a-868e-a459e44d499e}|-8587017528390697988
{1dda396f-3fba-4a9a-868e-a459e44d499e}|SelectDirection|1|1|0|{6d84625d-7b84-45d1-98d6-5d4739a94a35}|{1dda396f-3fba-4a9a-868e-a459e44d499e}|-8587017528388067725
{1dda396f-3fba-4a9a-868e-a459e44d499e}|Direction|1|1|0|{6d84625d-7b84-45d1-98d6-5d4739a94a35}|{1dda396f-3fba-4a9a-868e-a459e44d499e}|-8587017528388067725
{1dda396f-3fba-4a9a-868e-a459e44d499e}|SourceNodeUniqueName|1|1|0|{6d84625d-7b84-45d1-98d6-5d4739a94a35}|{1dda396f-3fba-4a9a-868e-a459e44d499e}|-8587017528388067725
{1dda396f-3fba-4a9a-868e-a459e44d499e}|TargetNodeUniqueName|1|1|0|{6d84625d-7b84-45d1-98d6-5d4739a94a35}|{1dda396f-3fba-4a9a-868e-a459e44d499e}|-8587017528388067725
{1dda396f-3fba-4a9a-868e-a459e44d499e}|LinkNodeToReference|1|1|0|{6d84625d-7b84-45d1-98d6-5d4739a94a35}|{1dda396f-3fba-4a9a-868e-a459e44d499e}|-8587017528385147433
{1dda396f-3fba-4a9a-868e-a459e44d499e}|SelectChildNode|1|1|0|{6d84625d-7b84-45d1-98d6-5d4739a94a35}|{1dda396f-3fba-4a9a-868e-a459e44d499e}|-8587017528382637182
{1dda396f-3fba-4a9a-868e-a459e44d499e}|DisplayName4|1|1|0|{6d84625d-7b84-45d1-98d6-5d4739a94a35}|{1dda396f-3fba-4a9a-868e-a459e44d499e}|-8587017528382627181
{1dda396f-3fba-4a9a-868e-a459e44d499e}|EditOverlayLink|1|1|0|{6d84625d-7b84-45d1-98d6-5d4739a94a35}|{1dda396f-3fba-4a9a-868e-a459e44d499e}|-8587017528380296948
{1dda396f-3fba-4a9a-868e-a459e44d499e}|LinkScript|1|1|0|{6d84625d-7b84-45d1-98d6-5d4739a94a35}|{1dda396f-3fba-4a9a-868e-a459e44d499e}|-8587017528380296948
{1dda396f-3fba-4a9a-868e-a459e44d499e}|ScriptingLanguage|1|1|0|{6d84625d-7b84-45d1-98d6-5d4739a94a35}|{1dda396f-3fba-4a9a-868e-a459e44d499e}|-8587017528380296948
{1dda396f-3fba-4a9a-868e-a459e44d499e}|RemoveReferenceLinkFromNode|1|1|0|{6d84625d-7b84-45d1-98d6-5d4739a94a35}|{1dda396f-3fba-4a9a-868e-a459e44d499e}|-8587017528377716690
{1dda396f-3fba-4a9a-868e-a459e44d499e}|ProvideRootNodeToAuthoringToolUI|1|1|0|{6d84625d-7b84-45d1-98d6-5d4739a94a35}|{1dda396f-3fba-4a9a-868e-a459e44d499e}|-8587017528377716690
{1dda396f-3fba-4a9a-868e-a459e44d499e}|ProvideChildNodesToAuthoringToolUI|1|1|0|{6d84625d-7b84-45d1-98d6-5d4739a94a35}|{1dda396f-3fba-4a9a-868e-a459e44d499e}|-8587017528375476466
{1dda396f-3fba-4a9a-868e-a459e44d499e}|ProvideParentNodesToAuthoringToolUI|1|1|0|{6d84625d-7b84-45d1-98d6-5d4739a94a35}|{1dda396f-3fba-4a9a-868e-a459e44d499e}|-8587017528373076226
{1dda396f-3fba-4a9a-868e-a459e44d499e}|NodeScript|1|1|0|{6d84625d-7b84-45d1-98d6-5d4739a94a35}|{1dda396f-3fba-4a9a-868e-a459e44d499e}|-8587017528373076226
{1dda396f-3fba-4a9a-868e-a459e44d499e}|NodeScriptLanguage|1|1|0|{6d84625d-7b84-45d1-98d6-5d4739a94a35}|{1dda396f-3fba-4a9a-868e-a459e44d499e}|-8587017528373076226
{1dda396f-3fba-4a9a-868e-a459e44d499e}|NodeScript1|1|1|0|{6d84625d-7b84-45d1-98d6-5d4739a94a35}|{1dda396f-3fba-4a9a-868e-a459e44d499e}|-8587017528373076226
{1dda396f-3fba-4a9a-868e-a459e44d499e}|NodeScriptLanguage1|1|1|0|{6d84625d-7b84-45d1-98d6-5d4739a94a35}|{1dda396f-3fba-4a9a-868e-a459e44d499e}|-8587017528373076226
{1dda396f-3fba-4a9a-868e-a459e44d499e}|SelectTargetPath|1|1|0|{6d84625d-7b84-45d1-98d6-5d4739a94a35}|{1dda396f-3fba-4a9a-868e-a459e44d499e}|-8587017528370395958
{1dda396f-3fba-4a9a-868e-a459e44d499e}|TargetPath|1|1|0|{6d84625d-7b84-45d1-98d6-5d4739a94a35}|{1dda396f-3fba-4a9a-868e-a459e44d499e}|-8587017528370395958
{1dda396f-3fba-4a9a-868e-a459e44d499e}|RootNode|1|1|0|{6d84625d-7b84-45d1-98d6-5d4739a94a35}|{1dda396f-3fba-4a9a-868e-a459e44d499e}|-8587017528367715690
{1dda396f-3fba-4a9a-868e-a459e44d499e}|RootNodeDisplayName|1|1|0|{6d84625d-7b84-45d1-98d6-5d4739a94a35}|{1dda396f-3fba-4a9a-868e-a459e44d499e}|-8587017528367715690
{1dda396f-3fba-4a9a-868e-a459e44d499e}|LinkScript1|1|1|0|{6d84625d-7b84-45d1-98d6-5d4739a94a35}|{1dda396f-3fba-4a9a-868e-a459e44d499e}|-8587017528367715690
{1dda396f-3fba-4a9a-868e-a459e44d499e}|CompileModel|1|1|0|{6d84625d-7b84-45d1-98d6-5d4739a94a35}|{1dda396f-3fba-4a9a-868e-a459e44d499e}|-8587017528365085427
{1dda396f-3fba-4a9a-868e-a459e44d499e}|AuthoringToolCISCluster|1|1|0|{6d84625d-7b84-45d1-98d6-5d4739a94a35}|{1dda396f-3fba-4a9a-868e-a459e44d499e}|-8587017528302989218
{1dda396f-3fba-4a9a-868e-a459e44d499e}|NodeType|1|1|0|{6d84625d-7b84-45d1-98d6-5d4739a94a35}|{1dda396f-3fba-4a9a-868e-a459e44d499e}|-8587017528302979217
{1dda396f-3fba-4a9a-868e-a459e44d499e}|NodeType1|1|1|0|{6d84625d-7b84-45d1-98d6-5d4739a94a35}|{1dda396f-3fba-4a9a-868e-a459e44d499e}|-8587017528302979217
{1dda396f-3fba-4a9a-868e-a459e44d499e}|RootNodeType|1|1|0|{6d84625d-7b84-45d1-98d6-5d4739a94a35}|{1dda396f-3fba-4a9a-868e-a459e44d499e}|-8587017528302979217
{1dda396f-3fba-4a9a-868e-a459e44d499e}|ManageCISLayoutInformation|1|1|0|{6d84625d-7b84-45d1-98d6-5d4739a94a35}|{1dda396f-3fba-4a9a-868e-a459e44d499e}|-8587017528300308950
{1dda396f-3fba-4a9a-868e-a459e44d499e}|CISLayout|1|1|0|{6d84625d-7b84-45d1-98d6-5d4739a94a35}|{1dda396f-3fba-4a9a-868e-a459e44d499e}|-8587017528297588678
{1dda396f-3fba-4a9a-868e-a459e44d499e}|CISNodeId|1|1|0|{6d84625d-7b84-45d1-98d6-5d4739a94a35}|{1dda396f-3fba-4a9a-868e-a459e44d499e}|-8587017528297588678
{1dda396f-3fba-4a9a-868e-a459e44d499e}|HomeCIS1|1|1|0|{6d84625d-7b84-45d1-98d6-5d4739a94a35}|{1dda396f-3fba-4a9a-868e-a459e44d499e}|-8587017528297578677
{1dda396f-3fba-4a9a-868e-a459e44d499e}|ProvideCISLayoutInformation|1|1|0|{6d84625d-7b84-45d1-98d6-5d4739a94a35}|{1dda396f-3fba-4a9a-868e-a459e44d499e}|-8587017528295068426
{1dda396f-3fba-4a9a-868e-a459e44d499e}|LayoutUIML1|1|1|0|{6d84625d-7b84-45d1-98d6-5d4739a94a35}|{1dda396f-3fba-4a9a-868e-a459e44d499e}|-8587017528295068426
{1dda396f-3fba-4a9a-868e-a459e44d499e}|LoadSelectedDomainModelForAuthoring|1|1|0|{6d84625d-7b84-45d1-98d6-5d4739a94a35}|{1dda396f-3fba-4a9a-868e-a459e44d499e}|-8587017528284807400
{1dda396f-3fba-4a9a-868e-a459e44d499e}|DomainModelFile|1|1|0|{6d84625d-7b84-45d1-98d6-5d4739a94a35}|{1dda396f-3fba-4a9a-868e-a459e44d499e}|-8587017528281987118
{1dda396f-3fba-4a9a-868e-a459e44d499e}|DomainModelName1|1|1|0|{6d84625d-7b84-45d1-98d6-5d4739a94a35}|{1dda396f-3fba-4a9a-868e-a459e44d499e}|-8587017528281987118
{1dda396f-3fba-4a9a-868e-a459e44d499e}|DomainModelFileName1|1|1|0|{6d84625d-7b84-45d1-98d6-5d4739a94a35}|{1dda396f-3fba-4a9a-868e-a459e44d499e}|-8587017528281987118
{1dda396f-3fba-4a9a-868e-a459e44d499e}|NodeTag|1|1|0|{6d84625d-7b84-45d1-98d6-5d4739a94a35}|{1dda396f-3fba-4a9a-868e-a459e44d499e}|-8587017528281987118
{1dda396f-3fba-4a9a-868e-a459e44d499e}|NodeTag1|1|1|0|{6d84625d-7b84-45d1-98d6-5d4739a94a35}|{1dda396f-3fba-4a9a-868e-a459e44d499e}|-8587017528281987118
{1dda396f-3fba-4a9a-868e-a459e44d499e}|OverlayEnterpriseServer|1|1|0|{6d84625d-7b84-45d1-98d6-5d4739a94a35}|{1dda396f-3fba-4a9a-868e-a459e44d499e}|-8587017528281977117
{1dda396f-3fba-4a9a-868e-a459e44d499e}|ProvideListOfAvailableDomainModelsOnServer|1|1|0|{6d84625d-7b84-45d1-98d6-5d4739a94a35}|{1dda396f-3fba-4a9a-868e-a459e44d499e}|-8587017528281977117
{1dda396f-3fba-4a9a-868e-a459e44d499e}|DownloadSelectedDomainModelFileFromMainLine|1|1|0|{6d84625d-7b84-45d1-98d6-5d4739a94a35}|{1dda396f-3fba-4a9a-868e-a459e44d499e}|-8587017528281977117
{1dda396f-3fba-4a9a-868e-a459e44d499e}|ProvideListOfMainLineDomainModels|1|1|0|{6d84625d-7b84-45d1-98d6-5d4739a94a35}|{1dda396f-3fba-4a9a-868e-a459e44d499e}|-8587017528281977117
{1dda396f-3fba-4a9a-868e-a459e44d499e}|ProvideListOfUserSpecificCheckedOutDomainModels|1|1|0|{6d84625d-7b84-45d1-98d6-5d4739a94a35}|{1dda396f-3fba-4a9a-868e-a459e44d499e}|-8587017528281977117
{1dda396f-3fba-4a9a-868e-a459e44d499e}|SelectMainLineDomainModel|1|1|0|{6d84625d-7b84-45d1-98d6-5d4739a94a35}|{1dda396f-3fba-4a9a-868e-a459e44d499e}|-8587017528281977117
{1dda396f-3fba-4a9a-868e-a459e44d499e}|Name|1|1|0|{6d84625d-7b84-45d1-98d6-5d4739a94a35}|{1dda396f-3fba-4a9a-868e-a459e44d499e}|-8587017528281977117
{1dda396f-3fba-4a9a-868e-a459e44d499e}|Description|1|1|0|{6d84625d-7b84-45d1-98d6-5d4739a94a35}|{1dda396f-3fba-4a9a-868e-a459e44d499e}|-8587017528281977117
{1dda396f-3fba-4a9a-868e-a459e44d499e}|CreatedDatetime|1|1|0|{6d84625d-7b84-45d1-98d6-5d4739a94a35}|{1dda396f-3fba-4a9a-868e-a459e44d499e}|-8587017528281977117
{1dda396f-3fba-4a9a-868e-a459e44d499e}|LastUpdatedDatetime|1|1|0|{6d84625d-7b84-45d1-98d6-5d4739a94a35}|{1dda396f-3fba-4a9a-868e-a459e44d499e}|-8587017528281977117
{1dda396f-3fba-4a9a-868e-a459e44d499e}|ModelFileName|1|1|0|{6d84625d-7b84-45d1-98d6-5d4739a94a35}|{1dda396f-3fba-4a9a-868e-a459e44d499e}|-8587017528281977117
{1dda396f-3fba-4a9a-868e-a459e44d499e}|SelectedDomainModelFile|1|1|0|{6d84625d-7b84-45d1-98d6-5d4739a94a35}|{1dda396f-3fba-4a9a-868e-a459e44d499e}|-8587017528281977117
{1dda396f-3fba-4a9a-868e-a459e44d499e}|DomainModelName2|1|1|0|{6d84625d-7b84-45d1-98d6-5d4739a94a35}|{1dda396f-3fba-4a9a-868e-a459e44d499e}|-8587017528281977117
{1dda396f-3fba-4a9a-868e-a459e44d499e}|DomainModelFileName2|1|1|0|{6d84625d-7b84-45d1-98d6-5d4739a94a35}|{1dda396f-3fba-4a9a-868e-a459e44d499e}|-8587017528281977117
{1dda396f-3fba-4a9a-868e-a459e44d499e}|ModelFileURL|1|1|0|{6d84625d-7b84-45d1-98d6-5d4739a94a35}|{1dda396f-3fba-4a9a-868e-a459e44d499e}|-8587017528281977117
{1dda396f-3fba-4a9a-868e-a459e44d499e}|UniqueName2|1|1|0|{6d84625d-7b84-45d1-98d6-5d4739a94a35}|{1dda396f-3fba-4a9a-868e-a459e44d499e}|-8587017528281977117
{1dda396f-3fba-4a9a-868e-a459e44d499e}|LinkScriptLanguage1|1|1|0|{6d84625d-7b84-45d1-98d6-5d4739a94a35}|{1dda396f-3fba-4a9a-868e-a459e44d499e}|-8587017528281977117
{1dda396f-3fba-4a9a-868e-a459e44d499e}|Reparent|1|1|0|{6d84625d-7b84-45d1-98d6-5d4739a94a35}|{1dda396f-3fba-4a9a-868e-a459e44d499e}|-8587017528279456865
{1dda396f-3fba-4a9a-868e-a459e44d499e}|ReparentNode|1|1|0|{6d84625d-7b84-45d1-98d6-5d4739a94a35}|{1dda396f-3fba-4a9a-868e-a459e44d499e}|-8587017528276836603
{1dda396f-3fba-4a9a-868e-a459e44d499e}|OldParentId|1|1|0|{6d84625d-7b84-45d1-98d6-5d4739a94a35}|{1dda396f-3fba-4a9a-868e-a459e44d499e}|-8587017528276836603
{1dda396f-3fba-4a9a-868e-a459e44d499e}|ChildId|1|1|0|{6d84625d-7b84-45d1-98d6-5d4739a94a35}|{1dda396f-3fba-4a9a-868e-a459e44d499e}|-8587017528276836603
{1dda396f-3fba-4a9a-868e-a459e44d499e}|NewParentId|1|1|0|{6d84625d-7b84-45d1-98d6-5d4739a94a35}|{1dda396f-3fba-4a9a-868e-a459e44d499e}|-8587017528276836603
{1dda396f-3fba-4a9a-868e-a459e44d499e}|AddNewDomainModel|1|1|0|{6d84625d-7b84-45d1-98d6-5d4739a94a35}|{1dda396f-3fba-4a9a-868e-a459e44d499e}|-8587017528270115931
{1dda396f-3fba-4a9a-868e-a459e44d499e}|DomainModel|1|1|0|{6d84625d-7b84-45d1-98d6-5d4739a94a35}|{1dda396f-3fba-4a9a-868e-a459e44d499e}|-8587017528267515671
{1dda396f-3fba-4a9a-868e-a459e44d499e}|DomainName|1|1|0|{6d84625d-7b84-45d1-98d6-5d4739a94a35}|{1dda396f-3fba-4a9a-868e-a459e44d499e}|-8587017528267505670
{1dda396f-3fba-4a9a-868e-a459e44d499e}|LayerName|1|1|0|{6d84625d-7b84-45d1-98d6-5d4739a94a35}|{1dda396f-3fba-4a9a-868e-a459e44d499e}|-8587017528267505670
{1dda396f-3fba-4a9a-868e-a459e44d499e}|NewDomainModelFileName|1|1|0|{6d84625d-7b84-45d1-98d6-5d4739a94a35}|{1dda396f-3fba-4a9a-868e-a459e44d499e}|-8587017528267505670
{1dda396f-3fba-4a9a-868e-a459e44d499e}|RootNodeDisplayName1|1|1|0|{6d84625d-7b84-45d1-98d6-5d4739a94a35}|{1dda396f-3fba-4a9a-868e-a459e44d499e}|-8587017528267505670
{1dda396f-3fba-4a9a-868e-a459e44d499e}|RootNodeUniqueName|1|1|0|{6d84625d-7b84-45d1-98d6-5d4739a94a35}|{1dda396f-3fba-4a9a-868e-a459e44d499e}|-8587017528267505670
{1dda396f-3fba-4a9a-868e-a459e44d499e}|PredictivePatternCluster|1|1|0|{6d84625d-7b84-45d1-98d6-5d4739a94a35}|{1dda396f-3fba-4a9a-868e-a459e44d499e}|-8587017528263215241
{1dda396f-3fba-4a9a-868e-a459e44d499e}|PlatformDetails|1|1|0|{6d84625d-7b84-45d1-98d6-5d4739a94a35}|{1dda396f-3fba-4a9a-868e-a459e44d499e}|-8587017528260484968
{1dda396f-3fba-4a9a-868e-a459e44d499e}|PlatformBasePath|1|1|0|{6d84625d-7b84-45d1-98d6-5d4739a94a35}|{1dda396f-3fba-4a9a-868e-a459e44d499e}|-8587017528260474967
{1dda396f-3fba-4a9a-868e-a459e44d499e}|ReadConfigFile|1|1|0|{6d84625d-7b84-45d1-98d6-5d4739a94a35}|{1dda396f-3fba-4a9a-868e-a459e44d499e}|-8587017528258044724
{1dda396f-3fba-4a9a-868e-a459e44d499e}|LoadModel|1|1|0|{6d84625d-7b84-45d1-98d6-5d4739a94a35}|{1dda396f-3fba-4a9a-868e-a459e44d499e}|-8587017528255554475
{1dda396f-3fba-4a9a-868e-a459e44d499e}|GetRootNode|1|1|0|{6d84625d-7b84-45d1-98d6-5d4739a94a35}|{1dda396f-3fba-4a9a-868e-a459e44d499e}|-8587017528253374257
{1dda396f-3fba-4a9a-868e-a459e44d499e}|ModelContext|1|1|0|{6d84625d-7b84-45d1-98d6-5d4739a94a35}|{1dda396f-3fba-4a9a-868e-a459e44d499e}|-8587017528250413961
{1dda396f-3fba-4a9a-868e-a459e44d499e}|ModelContent|1|1|0|{6d84625d-7b84-45d1-98d6-5d4739a94a35}|{1dda396f-3fba-4a9a-868e-a459e44d499e}|-8587017528250413961
{1dda396f-3fba-4a9a-868e-a459e44d499e}|SaveModel|1|1|0|{6d84625d-7b84-45d1-98d6-5d4739a94a35}|{1dda396f-3fba-4a9a-868e-a459e44d499e}|-8587017528247973717
{1dda396f-3fba-4a9a-868e-a459e44d499e}|ReadConfigForUpdate|1|1|0|{6d84625d-7b84-45d1-98d6-5d4739a94a35}|{1dda396f-3fba-4a9a-868e-a459e44d499e}|-8587017528245633483
{1dda396f-3fba-4a9a-868e-a459e44d499e}|LoadModelForUpdate|1|1|0|{6d84625d-7b84-45d1-98d6-5d4739a94a35}|{1dda396f-3fba-4a9a-868e-a459e44d499e}|-8587017528243403260
{1dda396f-3fba-4a9a-868e-a459e44d499e}|AddNodeInModel|1|1|0|{6d84625d-7b84-45d1-98d6-5d4739a94a35}|{1dda396f-3fba-4a9a-868e-a459e44d499e}|-8587017528240973017
{1dda396f-3fba-4a9a-868e-a459e44d499e}|SaveModelAfterUpdate|1|1|0|{6d84625d-7b84-45d1-98d6-5d4739a94a35}|{1dda396f-3fba-4a9a-868e-a459e44d499e}|-8587017528238912811
{1dda396f-3fba-4a9a-868e-a459e44d499e}|EditNodeInModel|1|1|0|{6d84625d-7b84-45d1-98d6-5d4739a94a35}|{1dda396f-3fba-4a9a-868e-a459e44d499e}|-8587017528236612581
{1dda396f-3fba-4a9a-868e-a459e44d499e}|DeleteNodeInModel|1|1|0|{6d84625d-7b84-45d1-98d6-5d4739a94a35}|{1dda396f-3fba-4a9a-868e-a459e44d499e}|-8587017528234362356
{1dda396f-3fba-4a9a-868e-a459e44d499e}|AddRoleInModel|1|1|0|{6d84625d-7b84-45d1-98d6-5d4739a94a35}|{1dda396f-3fba-4a9a-868e-a459e44d499e}|-8587017528231872107
{1dda396f-3fba-4a9a-868e-a459e44d499e}|EditRoleInModel|1|1|0|{6d84625d-7b84-45d1-98d6-5d4739a94a35}|{1dda396f-3fba-4a9a-868e-a459e44d499e}|-8587017528229431863
{1dda396f-3fba-4a9a-868e-a459e44d499e}|DeleteRoleInModel|1|1|0|{6d84625d-7b84-45d1-98d6-5d4739a94a35}|{1dda396f-3fba-4a9a-868e-a459e44d499e}|-8587017528226931613
{1dda396f-3fba-4a9a-868e-a459e44d499e}|AddReferenceInModel|1|1|0|{6d84625d-7b84-45d1-98d6-5d4739a94a35}|{1dda396f-3fba-4a9a-868e-a459e44d499e}|-8587017528224521372
{1dda396f-3fba-4a9a-868e-a459e44d499e}|EditReferenceInModel|1|1|0|{6d84625d-7b84-45d1-98d6-5d4739a94a35}|{1dda396f-3fba-4a9a-868e-a459e44d499e}|-8587017528221991119
{1dda396f-3fba-4a9a-868e-a459e44d499e}|DeleteReferenceInModel|1|1|0|{6d84625d-7b84-45d1-98d6-5d4739a94a35}|{1dda396f-3fba-4a9a-868e-a459e44d499e}|-8587017528219730893
{1dda396f-3fba-4a9a-868e-a459e44d499e}|AddDiscussionInModel|1|1|0|{6d84625d-7b84-45d1-98d6-5d4739a94a35}|{1dda396f-3fba-4a9a-868e-a459e44d499e}|-8587017528217180638
{1dda396f-3fba-4a9a-868e-a459e44d499e}|ReplyDiscussionInModel|1|1|0|{6d84625d-7b84-45d1-98d6-5d4739a94a35}|{1dda396f-3fba-4a9a-868e-a459e44d499e}|-8587017528214570377
{1dda396f-3fba-4a9a-868e-a459e44d499e}|DeleteDiscussionInModel|1|1|0|{6d84625d-7b84-45d1-98d6-5d4739a94a35}|{1dda396f-3fba-4a9a-868e-a459e44d499e}|-8587017528212220142
{1dda396f-3fba-4a9a-868e-a459e44d499e}|MoveNodeInModel|1|1|0|{6d84625d-7b84-45d1-98d6-5d4739a94a35}|{1dda396f-3fba-4a9a-868e-a459e44d499e}|-8587017528209889909
{1dda396f-3fba-4a9a-868e-a459e44d499e}|AddLinkInModel|1|1|0|{6d84625d-7b84-45d1-98d6-5d4739a94a35}|{1dda396f-3fba-4a9a-868e-a459e44d499e}|-8587017528207129633
{1dda396f-3fba-4a9a-868e-a459e44d499e}|EditLinkInModel|1|1|0|{6d84625d-7b84-45d1-98d6-5d4739a94a35}|{1dda396f-3fba-4a9a-868e-a459e44d499e}|-8587017528204459366
{1dda396f-3fba-4a9a-868e-a459e44d499e}|DeleteLinkInModel|1|1|0|{6d84625d-7b84-45d1-98d6-5d4739a94a35}|{1dda396f-3fba-4a9a-868e-a459e44d499e}|-8587017528202049125
{1dda396f-3fba-4a9a-868e-a459e44d499e}|LinkNodeToRoleInModel|1|1|0|{6d84625d-7b84-45d1-98d6-5d4739a94a35}|{1dda396f-3fba-4a9a-868e-a459e44d499e}|-8587017528199678888
{1dda396f-3fba-4a9a-868e-a459e44d499e}|RemoveRoleLinkFromNodeInModel|1|1|0|{6d84625d-7b84-45d1-98d6-5d4739a94a35}|{1dda396f-3fba-4a9a-868e-a459e44d499e}|-8587017528197358656
{1dda396f-3fba-4a9a-868e-a459e44d499e}|RemoveReferenceLinkFromNodeInModel|1|1|0|{6d84625d-7b84-45d1-98d6-5d4739a94a35}|{1dda396f-3fba-4a9a-868e-a459e44d499e}|-8587017528195168437
{1dda396f-3fba-4a9a-868e-a459e44d499e}|ReparentInModel|1|1|0|{6d84625d-7b84-45d1-98d6-5d4739a94a35}|{1dda396f-3fba-4a9a-868e-a459e44d499e}|-8587017528192908211
{1dda396f-3fba-4a9a-868e-a459e44d499e}|ReadConfigFileForCompile|1|1|0|{6d84625d-7b84-45d1-98d6-5d4739a94a35}|{1dda396f-3fba-4a9a-868e-a459e44d499e}|-8587017528190387959
{1dda396f-3fba-4a9a-868e-a459e44d499e}|ModelCompile|1|1|0|{6d84625d-7b84-45d1-98d6-5d4739a94a35}|{1dda396f-3fba-4a9a-868e-a459e44d499e}|-8587017528188347755
{1dda396f-3fba-4a9a-868e-a459e44d499e}|ActionPath|1|1|0|{6d84625d-7b84-45d1-98d6-5d4739a94a35}|{1dda396f-3fba-4a9a-868e-a459e44d499e}|-8587017528188347755
{1dda396f-3fba-4a9a-868e-a459e44d499e}|LinkNodeToReferenceInModel|1|1|0|{6d84625d-7b84-45d1-98d6-5d4739a94a35}|{1dda396f-3fba-4a9a-868e-a459e44d499e}|-8587017528185957516
{1dda396f-3fba-4a9a-868e-a459e44d499e}|SetModelAsDefault|1|1|0|{6d84625d-7b84-45d1-98d6-5d4739a94a35}|{1dda396f-3fba-4a9a-868e-a459e44d499e}|-8587017528183737294
{1dda396f-3fba-4a9a-868e-a459e44d499e}|CreateNewDomainModel|1|1|0|{6d84625d-7b84-45d1-98d6-5d4739a94a35}|{1dda396f-3fba-4a9a-868e-a459e44d499e}|-8587017528180847005
{1dda396f-3fba-4a9a-868e-a459e44d499e}|CreateNewDomainModelList|1|1|0|{6d84625d-7b84-45d1-98d6-5d4739a94a35}|{1dda396f-3fba-4a9a-868e-a459e44d499e}|-8587017528178306751
{1dda396f-3fba-4a9a-868e-a459e44d499e}|ExceptionInformation|1|1|0|{6d84625d-7b84-45d1-98d6-5d4739a94a35}|{1dda396f-3fba-4a9a-868e-a459e44d499e}|-8587017528175696490
{1dda396f-3fba-4a9a-868e-a459e44d499e}|ExceptionDetails|1|1|0|{6d84625d-7b84-45d1-98d6-5d4739a94a35}|{1dda396f-3fba-4a9a-868e-a459e44d499e}|-8587017528175686489
{1dda396f-3fba-4a9a-868e-a459e44d499e}|ProvideDomainModelList|1|1|0|{6d84625d-7b84-45d1-98d6-5d4739a94a35}|{1dda396f-3fba-4a9a-868e-a459e44d499e}|-8587017528173656286
{1dda396f-3fba-4a9a-868e-a459e44d499e}|ReadDomainModelListFile|1|1|0|{6d84625d-7b84-45d1-98d6-5d4739a94a35}|{1dda396f-3fba-4a9a-868e-a459e44d499e}|-8587017528171566077
{1dda396f-3fba-4a9a-868e-a459e44d499e}|DomainModelListFile|1|1|0|{6d84625d-7b84-45d1-98d6-5d4739a94a35}|{1dda396f-3fba-4a9a-868e-a459e44d499e}|-8587017528169005821
{1dda396f-3fba-4a9a-868e-a459e44d499e}|DomainModelListContent|1|1|0|{6d84625d-7b84-45d1-98d6-5d4739a94a35}|{1dda396f-3fba-4a9a-868e-a459e44d499e}|-8587017528168995820
{1dda396f-3fba-4a9a-868e-a459e44d499e}|UpdateModelResults|1|1|0|{6d84625d-7b84-45d1-98d6-5d4739a94a35}|{1dda396f-3fba-4a9a-868e-a459e44d499e}|-8587017528166075528
{1dda396f-3fba-4a9a-868e-a459e44d499e}|UpdateModelSuccess|1|1|0|{6d84625d-7b84-45d1-98d6-5d4739a94a35}|{1dda396f-3fba-4a9a-868e-a459e44d499e}|-8587017528166065527
{1dda396f-3fba-4a9a-868e-a459e44d499e}|UpdateModelExceptionDetails|1|1|0|{6d84625d-7b84-45d1-98d6-5d4739a94a35}|{1dda396f-3fba-4a9a-868e-a459e44d499e}|-8587017528166065527
{1dda396f-3fba-4a9a-868e-a459e44d499e}|FetchAllNodesFromTheRepository|1|1|0|{6d84625d-7b84-45d1-98d6-5d4739a94a35}|{1dda396f-3fba-4a9a-868e-a459e44d499e}|-8587017528163635284
{1dda396f-3fba-4a9a-868e-a459e44d499e}|ProvideNodeListToUI|1|1|0|{6d84625d-7b84-45d1-98d6-5d4739a94a35}|{1dda396f-3fba-4a9a-868e-a459e44d499e}|-8587017528161445065
{1dda396f-3fba-4a9a-868e-a459e44d499e}|NodeListInformation|1|1|0|{6d84625d-7b84-45d1-98d6-5d4739a94a35}|{1dda396f-3fba-4a9a-868e-a459e44d499e}|-8587017528159074828
{1dda396f-3fba-4a9a-868e-a459e44d499e}|NodeListContent|1|1|0|{6d84625d-7b84-45d1-98d6-5d4739a94a35}|{1dda396f-3fba-4a9a-868e-a459e44d499e}|-8587017528159064827
{1dda396f-3fba-4a9a-868e-a459e44d499e}|PrepareNodeList|1|1|0|{6d84625d-7b84-45d1-98d6-5d4739a94a35}|{1dda396f-3fba-4a9a-868e-a459e44d499e}|-8587017528156614582
{1dda396f-3fba-4a9a-868e-a459e44d499e}|ProvideRoleNodeInformationToUI|1|1|0|{6d84625d-7b84-45d1-98d6-5d4739a94a35}|{1dda396f-3fba-4a9a-868e-a459e44d499e}|-8587017528153544275
{1dda396f-3fba-4a9a-868e-a459e44d499e}|RoleNodeListInformation|1|1|0|{6d84625d-7b84-45d1-98d6-5d4739a94a35}|{1dda396f-3fba-4a9a-868e-a459e44d499e}|-8587017528151024023
{1dda396f-3fba-4a9a-868e-a459e44d499e}|RoleNodeListContent|1|1|0|{6d84625d-7b84-45d1-98d6-5d4739a94a35}|{1dda396f-3fba-4a9a-868e-a459e44d499e}|-8587017528151024023
{1dda396f-3fba-4a9a-868e-a459e44d499e}|PrepareRoleNodeList|1|1|0|{6d84625d-7b84-45d1-98d6-5d4739a94a35}|{1dda396f-3fba-4a9a-868e-a459e44d499e}|-8587017528148193740
{1dda396f-3fba-4a9a-868e-a459e44d499e}|FetchAllRoleNodesFromRepository|1|1|0|{6d84625d-7b84-45d1-98d6-5d4739a94a35}|{1dda396f-3fba-4a9a-868e-a459e44d499e}|-8587017528145733494
{1dda396f-3fba-4a9a-868e-a459e44d499e}|RoleFilterContext|1|1|0|{6d84625d-7b84-45d1-98d6-5d4739a94a35}|{1dda396f-3fba-4a9a-868e-a459e44d499e}|-8587017528142773198
{1dda396f-3fba-4a9a-868e-a459e44d499e}|AllRoles|1|1|0|{6d84625d-7b84-45d1-98d6-5d4739a94a35}|{1dda396f-3fba-4a9a-868e-a459e44d499e}|-8587017528142773198
{1dda396f-3fba-4a9a-868e-a459e44d499e}|NodeFilterContext|1|1|0|{6d84625d-7b84-45d1-98d6-5d4739a94a35}|{1dda396f-3fba-4a9a-868e-a459e44d499e}|-8587017528140062927
{1dda396f-3fba-4a9a-868e-a459e44d499e}|AllNodes|1|1|0|{6d84625d-7b84-45d1-98d6-5d4739a94a35}|{1dda396f-3fba-4a9a-868e-a459e44d499e}|-8587017528140062927
{1dda396f-3fba-4a9a-868e-a459e44d499e}|ChildNodeListInformation|1|1|0|{6d84625d-7b84-45d1-98d6-5d4739a94a35}|{1dda396f-3fba-4a9a-868e-a459e44d499e}|-8587017528137662687
{1dda396f-3fba-4a9a-868e-a459e44d499e}|ChildNodeListContent|1|1|0|{6d84625d-7b84-45d1-98d6-5d4739a94a35}|{1dda396f-3fba-4a9a-868e-a459e44d499e}|-8587017528137652686
{1dda396f-3fba-4a9a-868e-a459e44d499e}|PrepareChildNodeList|1|1|0|{6d84625d-7b84-45d1-98d6-5d4739a94a35}|{1dda396f-3fba-4a9a-868e-a459e44d499e}|-8587017528135432464
{1dda396f-3fba-4a9a-868e-a459e44d499e}|FetchAllChildNodesFromRepository|1|1|0|{6d84625d-7b84-45d1-98d6-5d4739a94a35}|{1dda396f-3fba-4a9a-868e-a459e44d499e}|-8587017528133082229
{1dda396f-3fba-4a9a-868e-a459e44d499e}|ParentNodeInformation|1|1|0|{6d84625d-7b84-45d1-98d6-5d4739a94a35}|{1dda396f-3fba-4a9a-868e-a459e44d499e}|-8587017528130731994
{1dda396f-3fba-4a9a-868e-a459e44d499e}|ParentNodeName|1|1|0|{6d84625d-7b84-45d1-98d6-5d4739a94a35}|{1dda396f-3fba-4a9a-868e-a459e44d499e}|-8587017528130721993
{1dda396f-3fba-4a9a-868e-a459e44d499e}|ParentNodeListInformation|1|1|0|{6d84625d-7b84-45d1-98d6-5d4739a94a35}|{1dda396f-3fba-4a9a-868e-a459e44d499e}|-8587017528128251746
{1dda396f-3fba-4a9a-868e-a459e44d499e}|ParentNodeListContent|1|1|0|{6d84625d-7b84-45d1-98d6-5d4739a94a35}|{1dda396f-3fba-4a9a-868e-a459e44d499e}|-8587017528128251746
{1dda396f-3fba-4a9a-868e-a459e44d499e}|PrepareParentNodeList|1|1|0|{6d84625d-7b84-45d1-98d6-5d4739a94a35}|{1dda396f-3fba-4a9a-868e-a459e44d499e}|-8587017528125841505
{1dda396f-3fba-4a9a-868e-a459e44d499e}|FetchAllParentNodesFromRepository|1|1|0|{6d84625d-7b84-45d1-98d6-5d4739a94a35}|{1dda396f-3fba-4a9a-868e-a459e44d499e}|-8587017528123261247
{1dda396f-3fba-4a9a-868e-a459e44d499e}|ChildNodeInformation|1|1|0|{6d84625d-7b84-45d1-98d6-5d4739a94a35}|{1dda396f-3fba-4a9a-868e-a459e44d499e}|-8587017528120730994
{1dda396f-3fba-4a9a-868e-a459e44d499e}|ChildNodeName|1|1|0|{6d84625d-7b84-45d1-98d6-5d4739a94a35}|{1dda396f-3fba-4a9a-868e-a459e44d499e}|-8587017528120730994
{1dda396f-3fba-4a9a-868e-a459e44d499e}|CISLayoutInformation|1|1|0|{6d84625d-7b84-45d1-98d6-5d4739a94a35}|{1dda396f-3fba-4a9a-868e-a459e44d499e}|-8587017528118160737
{1dda396f-3fba-4a9a-868e-a459e44d499e}|LayoutUIMLnew|1|1|0|{6d84625d-7b84-45d1-98d6-5d4739a94a35}|{1dda396f-3fba-4a9a-868e-a459e44d499e}|-8587017528118160737
{1dda396f-3fba-4a9a-868e-a459e44d499e}|HomeCISnew|1|1|0|{6d84625d-7b84-45d1-98d6-5d4739a94a35}|{1dda396f-3fba-4a9a-868e-a459e44d499e}|-8587017528118160737
{1dda396f-3fba-4a9a-868e-a459e44d499e}|PrepareCISLayoutInformation|1|1|0|{6d84625d-7b84-45d1-98d6-5d4739a94a35}|{1dda396f-3fba-4a9a-868e-a459e44d499e}|-8587017528115880509
{1dda396f-3fba-4a9a-868e-a459e44d499e}|FetchCISLayoutInformationFromRepository|1|1|0|{6d84625d-7b84-45d1-98d6-5d4739a94a35}|{1dda396f-3fba-4a9a-868e-a459e44d499e}|-8587017528113550276
{1dda396f-3fba-4a9a-868e-a459e44d499e}|CISNodeInformation|1|1|0|{6d84625d-7b84-45d1-98d6-5d4739a94a35}|{1dda396f-3fba-4a9a-868e-a459e44d499e}|-8587017528111130034
{1dda396f-3fba-4a9a-868e-a459e44d499e}|CISNodeDisplayName|1|1|0|{6d84625d-7b84-45d1-98d6-5d4739a94a35}|{1dda396f-3fba-4a9a-868e-a459e44d499e}|-8587017528111130034
{1dda396f-3fba-4a9a-868e-a459e44d499e}|ManageCISInformationInModel|1|1|0|{6d84625d-7b84-45d1-98d6-5d4739a94a35}|{1dda396f-3fba-4a9a-868e-a459e44d499e}|-8587017528108709792
{1dda396f-3fba-4a9a-868e-a459e44d499e}|ProvideNodeInformationToUI|1|1|0|{6d84625d-7b84-45d1-98d6-5d4739a94a35}|{1dda396f-3fba-4a9a-868e-a459e44d499e}|-8587017528106809602
{1dda396f-3fba-4a9a-868e-a459e44d499e}|PrepareNodeInformation|1|1|0|{6d84625d-7b84-45d1-98d6-5d4739a94a35}|{1dda396f-3fba-4a9a-868e-a459e44d499e}|-8587017528104549376
{1dda396f-3fba-4a9a-868e-a459e44d499e}|FetchNodeInformationFromRepository|1|1|0|{6d84625d-7b84-45d1-98d6-5d4739a94a35}|{1dda396f-3fba-4a9a-868e-a459e44d499e}|-8587017528102399161
{1dda396f-3fba-4a9a-868e-a459e44d499e}|ProvideDeleteLinkInformationToUI|1|1|0|{6d84625d-7b84-45d1-98d6-5d4739a94a35}|{1dda396f-3fba-4a9a-868e-a459e44d499e}|-8587017528100008922
{1dda396f-3fba-4a9a-868e-a459e44d499e}|PrepareDeleteLinkInformation|1|1|0|{6d84625d-7b84-45d1-98d6-5d4739a94a35}|{1dda396f-3fba-4a9a-868e-a459e44d499e}|-8587017528097658687
{1dda396f-3fba-4a9a-868e-a459e44d499e}|FetchLinkInformationFromRepository|1|1|0|{6d84625d-7b84-45d1-98d6-5d4739a94a35}|{1dda396f-3fba-4a9a-868e-a459e44d499e}|-8587017528095348456
{1dda396f-3fba-4a9a-868e-a459e44d499e}|LinkInformation|1|1|0|{6d84625d-7b84-45d1-98d6-5d4739a94a35}|{1dda396f-3fba-4a9a-868e-a459e44d499e}|-8587017528092798201
{1dda396f-3fba-4a9a-868e-a459e44d499e}|LinkName|1|1|0|{6d84625d-7b84-45d1-98d6-5d4739a94a35}|{1dda396f-3fba-4a9a-868e-a459e44d499e}|-8587017528092798201
{1dda396f-3fba-4a9a-868e-a459e44d499e}|ProvideNodeDiscussionInformationToUI|1|1|0|{6d84625d-7b84-45d1-98d6-5d4739a94a35}|{1dda396f-3fba-4a9a-868e-a459e44d499e}|-8587017528090487970
{1dda396f-3fba-4a9a-868e-a459e44d499e}|PrepareNodeDiscussionList|1|1|0|{6d84625d-7b84-45d1-98d6-5d4739a94a35}|{1dda396f-3fba-4a9a-868e-a459e44d499e}|-8587017528088457767
{1dda396f-3fba-4a9a-868e-a459e44d499e}|FetchAllNodeDiscussionsFromRepository|1|1|0|{6d84625d-7b84-45d1-98d6-5d4739a94a35}|{1dda396f-3fba-4a9a-868e-a459e44d499e}|-8587017528086047526
{1dda396f-3fba-4a9a-868e-a459e44d499e}|NodeDiscussionListInformation|1|1|0|{6d84625d-7b84-45d1-98d6-5d4739a94a35}|{1dda396f-3fba-4a9a-868e-a459e44d499e}|-8587017528083237245
{1dda396f-3fba-4a9a-868e-a459e44d499e}|NodeDiscussionListContent|1|1|0|{6d84625d-7b84-45d1-98d6-5d4739a94a35}|{1dda396f-3fba-4a9a-868e-a459e44d499e}|-8587017528083237245
{1dda396f-3fba-4a9a-868e-a459e44d499e}|AuthoringToolContextCluster|1|1|0|{6d84625d-7b84-45d1-98d6-5d4739a94a35}|{1dda396f-3fba-4a9a-868e-a459e44d499e}|-8587017528083237245
{1dda396f-3fba-4a9a-868e-a459e44d499e}|FeedbackInformation|1|1|0|{6d84625d-7b84-45d1-98d6-5d4739a94a35}|{1dda396f-3fba-4a9a-868e-a459e44d499e}|-8587017528080817003
{00000000-0000-0000-0000-000000000000}|FeedbackInformation|1|1|0|{6d84625d-7b84-45d1-98d6-5d4739a94a35}|{1dda396f-3fba-4a9a-868e-a459e44d499e}|-8587017528080716993
{1dda396f-3fba-4a9a-868e-a459e44d499e}|ActionSuccess|1|1|0|{6d84625d-7b84-45d1-98d6-5d4739a94a35}|{1dda396f-3fba-4a9a-868e-a459e44d499e}|-8587017528080716993
{00000000-0000-0000-0000-000000000000}|ActionSuccess|1|1|0|{6d84625d-7b84-45d1-98d6-5d4739a94a35}|{1dda396f-3fba-4a9a-868e-a459e44d499e}|-8587017528080716993
{1dda396f-3fba-4a9a-868e-a459e44d499e}|FeedbackErrorMessage|1|1|0|{6d84625d-7b84-45d1-98d6-5d4739a94a35}|{1dda396f-3fba-4a9a-868e-a459e44d499e}|-8587017528080706992
{00000000-0000-0000-0000-000000000000}|FeedbackErrorMessage|1|1|0|{6d84625d-7b84-45d1-98d6-5d4739a94a35}|{1dda396f-3fba-4a9a-868e-a459e44d499e}|-8587017528080706992
{1dda396f-3fba-4a9a-868e-a459e44d499e}|OverlayUserInformation|1|1|0|{6d84625d-7b84-45d1-98d6-5d4739a94a35}|{1dda396f-3fba-4a9a-868e-a459e44d499e}|-8587017528078426764
{00000000-0000-0000-0000-000000000000}|OverlayUserInformation|1|1|0|{6d84625d-7b84-45d1-98d6-5d4739a94a35}|{1dda396f-3fba-4a9a-868e-a459e44d499e}|-8587017528078426764
{1dda396f-3fba-4a9a-868e-a459e44d499e}|LoginName|1|1|0|{6d84625d-7b84-45d1-98d6-5d4739a94a35}|{1dda396f-3fba-4a9a-868e-a459e44d499e}|-8587017528078416763
{00000000-0000-0000-0000-000000000000}|LoginName|1|1|0|{6d84625d-7b84-45d1-98d6-5d4739a94a35}|{1dda396f-3fba-4a9a-868e-a459e44d499e}|-8587017528078416763
{1dda396f-3fba-4a9a-868e-a459e44d499e}|LoginPassword|1|1|0|{6d84625d-7b84-45d1-98d6-5d4739a94a35}|{1dda396f-3fba-4a9a-868e-a459e44d499e}|-8587017528078416763
{00000000-0000-0000-0000-000000000000}|LoginPassword|1|1|0|{6d84625d-7b84-45d1-98d6-5d4739a94a35}|{1dda396f-3fba-4a9a-868e-a459e44d499e}|-8587017528078416763
{1dda396f-3fba-4a9a-868e-a459e44d499e}|OverlayUserRepositoryInformation|1|1|0|{6d84625d-7b84-45d1-98d6-5d4739a94a35}|{1dda396f-3fba-4a9a-868e-a459e44d499e}|-8587017528076406562
{00000000-0000-0000-0000-000000000000}|OverlayUserRepositoryInformation|1|1|0|{6d84625d-7b84-45d1-98d6-5d4739a94a35}|{1dda396f-3fba-4a9a-868e-a459e44d499e}|-8587017528076406562
{1dda396f-3fba-4a9a-868e-a459e44d499e}|RepositoryFileName|1|1|0|{6d84625d-7b84-45d1-98d6-5d4739a94a35}|{1dda396f-3fba-4a9a-868e-a459e44d499e}|-8587017528076396561
{00000000-0000-0000-0000-000000000000}|RepositoryFileName|1|1|0|{6d84625d-7b84-45d1-98d6-5d4739a94a35}|{1dda396f-3fba-4a9a-868e-a459e44d499e}|-8587017528076396561
{1dda396f-3fba-4a9a-868e-a459e44d499e}|RepositoryFilePath|1|1|0|{6d84625d-7b84-45d1-98d6-5d4739a94a35}|{1dda396f-3fba-4a9a-868e-a459e44d499e}|-8587017528076396561
{00000000-0000-0000-0000-000000000000}|RepositoryFilePath|1|1|0|{6d84625d-7b84-45d1-98d6-5d4739a94a35}|{1dda396f-3fba-4a9a-868e-a459e44d499e}|-8587017528076396561
{1dda396f-3fba-4a9a-868e-a459e44d499e}|ProvideOverlayUserAuthenticationResultToUI|1|1|0|{6d84625d-7b84-45d1-98d6-5d4739a94a35}|{1dda396f-3fba-4a9a-868e-a459e44d499e}|-8587017528074226344
{00000000-0000-0000-0000-000000000000}|ProvideOverlayUserAuthenticationResultToUI|1|1|0|{6d84625d-7b84-45d1-98d6-5d4739a94a35}|{1dda396f-3fba-4a9a-868e-a459e44d499e}|-8587017528074216343
{1dda396f-3fba-4a9a-868e-a459e44d499e}|AuthenticateOverlayUser|1|1|0|{6d84625d-7b84-45d1-98d6-5d4739a94a35}|{1dda396f-3fba-4a9a-868e-a459e44d499e}|-8587017528071806102
{00000000-0000-0000-0000-000000000000}|AuthenticateOverlayUser|1|1|0|{6d84625d-7b84-45d1-98d6-5d4739a94a35}|{1dda396f-3fba-4a9a-868e-a459e44d499e}|-8587017528071806102
{1dda396f-3fba-4a9a-868e-a459e44d499e}|ProvideOverlayUserListInformationToUI|1|1|0|{6d84625d-7b84-45d1-98d6-5d4739a94a35}|{1dda396f-3fba-4a9a-868e-a459e44d499e}|-8587017528069445866
{1dda396f-3fba-4a9a-868e-a459e44d499e}|FetchAllOverlayUsersFromTheRepository|1|1|0|{6d84625d-7b84-45d1-98d6-5d4739a94a35}|{1dda396f-3fba-4a9a-868e-a459e44d499e}|-8587017528067035625
{1dda396f-3fba-4a9a-868e-a459e44d499e}|OverlayUserListInformation|1|1|0|{6d84625d-7b84-45d1-98d6-5d4739a94a35}|{1dda396f-3fba-4a9a-868e-a459e44d499e}|-8587017528064635385
{00000000-0000-0000-0000-000000000000}|OverlayUserListInformation|1|1|0|{6d84625d-7b84-45d1-98d6-5d4739a94a35}|{1dda396f-3fba-4a9a-868e-a459e44d499e}|-8587017528064635385
{1dda396f-3fba-4a9a-868e-a459e44d499e}|OverlayUserListContent|1|1|0|{6d84625d-7b84-45d1-98d6-5d4739a94a35}|{1dda396f-3fba-4a9a-868e-a459e44d499e}|-8587017528064635385
{00000000-0000-0000-0000-000000000000}|OverlayUserListContent|1|1|0|{6d84625d-7b84-45d1-98d6-5d4739a94a35}|{1dda396f-3fba-4a9a-868e-a459e44d499e}|-8587017528064635385
{1dda396f-3fba-4a9a-868e-a459e44d499e}|IsAdmin|1|1|0|{6d84625d-7b84-45d1-98d6-5d4739a94a35}|{1dda396f-3fba-4a9a-868e-a459e44d499e}|-8587017528062225144
{1dda396f-3fba-4a9a-868e-a459e44d499e}|IsAdmin1|1|1|0|{6d84625d-7b84-45d1-98d6-5d4739a94a35}|{1dda396f-3fba-4a9a-868e-a459e44d499e}|-8587017528062225144
{1dda396f-3fba-4a9a-868e-a459e44d499e}|AdminUserId|1|1|0|{6d84625d-7b84-45d1-98d6-5d4739a94a35}|{1dda396f-3fba-4a9a-868e-a459e44d499e}|-8587017528062225144
